PU_zone_name,trip_count,total_revenue,total_time_min,total_miles,avg_min_ptrip,avg_dist_ptrip,avg_rev_ptrip,avg_dist_pmin,avg_rev_pmin
Allerton/Pelham Gardens,37,707.61,537.5833333333333,183.15999999999997,14.529279279279278,4.950270270270269,19.124594594594594,0.34070996744690746,1.316279646566424
Alphabet City,19656,274024.339999998,285890.25,49099.940000000024,14.544681013431013,2.4979619454619466,13.941002238502136,0.1717440171534357,0.9584948769676405
Arden Heights,2,221.76,0.5833333333333334,0.0,0.2916666666666667,0.0,110.88,0.0,380.15999999999997
Arrochar/Fort Wadsworth,51,1508.0499999999997,425.3,140.19,8.33921568627451,2.7488235294117644,29.56960784313725,0.3296261462497061,3.545849988243592
Astoria,14673,188860.52999999584,203191.0333333334,36687.68000000002,13.847954292464623,2.500353029373681,12.871296258433574,0.18055757381682364,0.9294727572459928
Astoria Park,71,2986.61,1162.15,373.13,16.36830985915493,5.255352112676056,42.06492957746479,0.3210687088585811,2.5699006152389967
Auburndale,46,937.5999999999999,702.5833333333333,227.27999999999997,15.27355072463768,4.94086956521739,20.382608695652173,0.32349187522239353,1.334503617601708
Baisley Park,2079,129966.80999999995,93246.71666666667,29573.189999999995,44.85171556838224,14.224718614718613,62.514098124098105,0.3171499336080287,1.3937950272779929
Bath Beach,63,1493.4000000000003,2439.5333333333338,288.6700000000001,38.72275132275133,4.582063492063493,23.70476190476191,0.1183300084715656,0.6121662613068073
Battery Park,2934,56421.71000000008,68502.90000000001,12101.579999999993,23.34795501022495,4.124601226993862,19.230303340149995,0.1766579225113096,0.823639729120958
Battery Park City,75611,1423003.95,1379303.016666667,293946.47000000044,18.242094624679837,3.8876151618150856,18.820065202153124,0.21311232299801297,1.031683344997638
Bay Ridge,382,9168.989999999994,10623.633333333333,1842.1499999999999,27.810558464223384,4.822382198952879,24.002591623036633,0.17340112767446164,0.8630747798148148
Bay Terrace/Fort Totten,30,601.4599999999999,349.45000000000005,134.63,11.648333333333335,4.487666666666667,20.048666666666666,0.3852625554442695,1.7211618257261407
Bayside,57,1420.7700000000002,1004.4333333333334,317.61,17.621637426900588,5.572105263157895,24.925789473684215,0.3162081438953971,1.4144990541930775
Bedford,1701,22480.57000000002,30624.333333333332,4169.86,18.003723300019594,2.4514168136390357,13.216090534979436,0.13616165794085314,0.7340754084442662
Bedford Park,105,1942.6100000000001,2992.566666666666,405.86,28.500634920634916,3.8653333333333335,18.501047619047622,0.13562270960268222,0.6491451039798614
Bellerose,94,1921.2800000000004,1255.15,427.95,13.352659574468086,4.552659574468085,20.439148936170216,0.3409552643110385,1.5307174441301838
Belmont,50,1170.45,583.45,159.19,11.669,3.1837999999999997,23.409000000000002,0.2728425743422744,2.006084497386237
Bensonhurst East,68,1447.3,1232.25,319.27,18.121323529411764,4.69514705882353,21.283823529411762,0.2590951511462771,1.174518157841347
Bensonhurst West,119,2659.730000000001,1895.25,486.61999999999995,15.926470588235293,4.089243697478991,22.35067226890757,0.2567576836828914,1.4033663105131253
Bloomfield/Emerson Hill,7,318.75999999999993,87.15,37.51,12.450000000000001,5.3585714285714285,45.53714285714285,0.43040734366035566,3.657601835915088
Bloomingdale,25353,340195.8599999992,352359.00000000035,59699.080000000045,13.89811856585021,2.354714629432416,13.418367057152967,0.16942686294375903,0.9654808306301211
Boerum Hill,8514,133393.26999999888,130073.5166666666,26350.509999999995,15.27760355492913,3.094962414846135,15.667520554380888,0.202581668238641,1.025522131010263
Borough Park,288,4726.249999999999,6531.9,782.69,22.680208333333333,2.7176736111111115,16.410590277777775,0.11982577810438005,0.723564353404063
Breezy Point/Fort Tilden/Riis Beach,5,157.28,36.833333333333336,10.440000000000001,7.366666666666667,2.088,31.456,0.2834389140271493,4.270045248868778
Briarwood/Jamaica Hills,544,24308.03,16365.716666666669,4844.639999999999,30.084037990196084,8.905588235294116,44.683878676470584,0.296023699949997,1.4853018963422517
Brighton Beach,90,2747.93,1367.1,370.76,15.19,4.119555555555555,30.532555555555554,0.27120181405895694,2.0100431570477655
Broad Channel,4,71.80999999999999,52.0,17.48,13.0,4.37,17.952499999999997,0.33615384615384614,1.3809615384615381
Bronx Park,21,772.35,386.3666666666667,130.53,18.3984126984127,6.215714285714286,36.77857142857143,0.337839703218014,1.9990078509188163
Bronxdale,45,836.86,761.0500000000001,185.35,16.912222222222223,4.118888888888889,18.596888888888888,0.2435451021614874,1.0996123776361604
Brooklyn Heights,8863,158526.91999999862,146744.29999999993,33080.80000000002,16.55695588401218,3.7324607920568678,17.88637256008108,0.22543158405471309,1.0802935446214859
Brooklyn Navy Yard,142,2090.2800000000007,3210.466666666667,407.69,22.60892018779343,2.871056338028169,14.72028169014085,0.12698776917166765,0.6510829162946198
Brownsville,162,3502.4900000000002,3440.916666666666,808.6600000000001,21.240226337448554,4.991728395061729,21.62030864197531,0.23501295681867726,1.0178944564190746
Bushwick North,892,15170.150000000016,18689.800000000007,3117.6900000000005,20.952690582959647,3.4951681614349783,17.0068946188341,0.16681237894466497,0.8116807028432627
Bushwick South,1607,25329.510000000046,30172.066666666666,4860.640000000001,18.775399294752127,3.024667081518358,15.76198506533917,0.1610973505295185,0.8395019896990831
Cambria Heights,44,1288.2600000000002,689.05,285.16,15.66022727272727,6.480909090909091,29.27863636363637,0.4138451491183514,1.8696175894347293
Canarsie,203,5499.379999999999,4616.299999999999,1167.28,22.740394088669948,5.750147783251231,27.09054187192118,0.2528605159976605,1.191296059614843
Carroll Gardens,4708,77517.41000000015,71176.43333333335,15391.010000000004,15.11818889832909,3.2691185216652516,16.465040356839452,0.2162374437606455,1.0890881485585369
Central Harlem,31737,393540.7400000075,411366.14999999997,68580.68000000002,12.961721334719726,2.1609061978132784,12.400061127390979,0.16671444648520553,0.956667776383661
Central Harlem North,13904,170627.2699999962,187357.4166666666,30955.73999999998,13.475073120444952,2.226390966628307,12.271811708860486,0.165222922853779,0.9107046469559542
Central Park,122396,1600722.159999907,1863666.4000000036,254613.26000000018,15.22653027876731,2.0802416745645296,13.078222817738382,0.13661954736105114,0.8589102427343778
Charleston/Tottenville,1,89.8,0.06666666666666667,0.0,0.06666666666666667,0.0,89.8,0.0,1347.0
Chinatown,18041,296014.1999999962,353760.6833333332,55391.52000000003,19.608707019197006,3.070313175544595,16.407859874729574,0.15657907339523944,0.8367639874809802
City Island,3,101.44999999999999,12.933333333333334,5.0,4.311111111111111,1.6666666666666667,33.81666666666666,0.3865979381443299,7.844072164948453
Claremont/Bathgate,111,1783.6100000000001,2879.4666666666667,336.90999999999997,25.94114114114114,3.0352252252252248,16.06855855855856,0.11700430635302833,0.6194237358770143
Clinton East,270555,3641384.439998922,3891104.5499999905,619853.2999999998,14.381935465986547,2.2910435955720643,13.458943431091356,0.15930008871131499,0.9358228218254714
Clinton Hill,2674,37937.74000000012,36533.51666666667,7018.540000000002,13.662496883570183,2.624734480179507,14.187636499626073,0.19211235710039778,1.0384365771887125
Clinton West,71979,980891.4100000728,1035201.5333333324,167443.55999999997,14.381993822272223,2.326283499353978,13.627466483280857,0.16174972177720254,0.9475366664514282
Co-Op City,76,1627.71,1309.3833333333332,401.16,17.228728070175436,5.278421052631579,21.417236842105265,0.30637322912821563,1.243111897458091
Cobble Hill,5215,91659.52999999988,97905.69999999997,18568.110000000008,18.773863854266533,3.560519654841804,17.576132310642354,0.18965300283844572,0.9362021823039917
College Point,46,1120.77,3638.5333333333338,290.55999999999995,79.09855072463769,6.316521739130434,24.364565217391306,0.07985635237641538,0.3080279599838762
Columbia Street,334,5595.7,4385.55,1148.8400000000001,13.130389221556888,3.439640718562875,16.753592814371256,0.26196030144451665,1.275940303952754
Coney Island,98,2240.53,1646.1333333333334,486.74,16.79727891156463,4.966734693877551,22.862551020408166,0.2956868621415843,1.3610865867487445
Corona,322,12392.829999999996,5767.383333333333,1855.81,17.911128364389235,5.7633850931677015,38.48704968944098,0.32177677340677313,2.148778619998092
Country Club,4,348.86,177.73333333333335,66.0,44.43333333333334,16.5,87.215,0.3713428357089272,1.9628282070517629
Crotona Park East,59,993.9899999999999,700.6666666666666,181.47,11.875706214689265,3.0757627118644066,16.847288135593217,0.25899619410085634,1.4186346336822073
Crown Heights North,1532,23752.810000000023,22133.000000000007,4421.399999999999,14.44712793733682,2.8860313315926884,15.50444516971281,0.19976505670266106,1.073185288935075
Crown Heights South,343,5484.759999999998,4896.733333333334,1035.26,14.276190476190477,3.0182507288629736,15.990553935860053,0.21141849668486473,1.1200854991763212
Cypress Hills,103,2756.4300000000003,2381.4666666666667,601.6099999999999,23.1210355987055,5.840873786407766,26.761456310679616,0.2526216337271149,1.1574505906724148
DUMBO/Vinegar Hill,3599,64809.010000000184,64097.116666666705,13542.709999999992,17.80970176900992,3.7629091414281723,18.007504862461847,0.21128423093394452,1.0111064798286582
Douglaston,45,1297.95,633.8333333333333,248.86,14.085185185185184,5.530222222222222,28.843333333333334,0.39262687352090464,2.0477780699447807
Downtown Brooklyn/MetroTech,10517,182036.6599999977,175439.96666666673,38757.83,16.68156001394568,3.6852553009413334,17.308800988874935,0.22091790563115696,1.0376008583372829
Dyker Heights,91,1971.8,3014.9666666666667,436.96000000000004,33.13150183150183,4.801758241758242,21.66813186813187,0.1449302922088691,0.6540039138077811
East Chelsea,202681,2783635.3499994194,3074792.6500000004,451232.0100000001,15.170601339050036,2.2263162802630743,13.734071521254679,0.14675201269262825,0.9053083140417352
East Concourse/Concourse Village,384,6061.369999999997,6456.866666666667,1129.79,16.814756944444444,2.942161458333333,15.784817708333327,0.17497496205589913,0.9387478962964488
East Elmhurst,902,32507.890000000036,16464.78333333333,6501.32,18.25364005912786,7.207671840354767,36.03978935698452,0.39486216540960667,1.9743891760899805
East Flatbush/Farragut,162,2906.100000000001,2964.6166666666663,591.5600000000001,18.300102880658436,3.651604938271605,17.938888888888894,0.19954013166401507,0.9802616414713542
East Flatbush/Remsen Village,128,2186.3,2285.016666666667,439.87,17.851692708333335,3.436484375,17.08046875,0.19250187817740205,0.9567982728061794
East Flushing,26,686.11,505.01666666666665,131.46,19.423717948717947,5.056153846153847,26.388846153846153,0.2603082406521237,1.3585888254513052
East Harlem North,32236,396866.86000000976,452840.1,73688.40000000005,14.04765169375853,2.285903958307484,12.311293584812315,0.16272498835681745,0.8763951337348653
East Harlem South,60866,757020.8400000592,784241.716666667,132975.7199999999,12.884725736316943,2.1847290769887935,12.437499424967292,0.1695596104797875,0.9652901954995367
East New York,362,8974.699999999995,10428.433333333334,1835.9599999999998,28.807826887661143,5.07171270718232,24.79198895027623,0.17605329020338623,0.8605990672935846
East New York/Pennsylvania Avenue,87,1457.41,1378.25,318.36,15.841954022988507,3.6593103448275865,16.75183908045977,0.23098857246508253,1.0574351532740796
East Tremont,117,1873.9099999999996,3115.283333333333,378.66999999999996,26.62635327635327,3.2364957264957264,16.016324786324784,0.12155234676353677,0.6015215309468909
East Village,240129,3240078.9499992197,3502161.4499999904,549193.9499999991,14.584500206139161,2.287078820134174,13.493076429749092,0.15681571447826903,0.925165500293891
East Williamsburg,3267,52677.42000000012,50699.88333333332,10352.64,15.518788899091925,3.168852157943067,16.124095500459173,0.20419455271593331,1.0390047577361317
Eastchester,38,710.5899999999999,534.65,151.71999999999997,14.069736842105263,3.9926315789473676,18.69973684210526,0.2837744318713176,1.3290750958571027
Elmhurst,2500,45311.73000000018,39127.09999999999,8016.989999999998,15.650839999999997,3.2067959999999993,18.12469200000007,0.20489609503387676,1.1580651262168724
Elmhurst/Maspeth,979,15154.999999999996,18630.866666666665,3003.22,19.03050732039496,3.067640449438202,15.480081716036768,0.16119593649248737,0.8134350522251603
Eltingville/Annadale/Prince's Bay,8,473.9,220.9333333333333,61.31,27.616666666666664,7.66375,59.2375,0.2775045262522632,2.144990947495474
Erasmus,170,2761.970000000001,3186.4500000000003,508.1700000000001,18.743823529411767,2.9892352941176474,16.246882352941185,0.15947841641952645,0.8667859216369317
Far Rockaway,19,1413.9499999999998,551.2166666666667,201.89000000000001,29.01140350877193,10.625789473684211,74.41842105263157,0.3662625102046987,2.5651437728660835
Financial District North,60947,1228430.300000032,1213884.2,259771.0999999998,19.917045957963477,4.2622458857696,20.15571398100041,0.21399990213234493,1.011983103495401
Financial District South,31893,668973.49000002,664018.5833333337,145787.1,20.820198267122368,4.571131596275045,20.975558586524315,0.21955274093107072,1.0074619999967667
Flatbush/Ditmas Park,690,13546.369999999988,12181.333333333338,2529.5699999999997,17.654106280193243,3.6660434782608693,19.632420289855055,0.2076595337127845,1.1120597088441317
Flatiron,158880,2008932.749999747,2125643.7166666673,307206.4299999998,13.378925709130584,1.9335752139979847,12.644340067974237,0.14452395177576902,0.9450938246368301
Flatlands,162,3668.08,3677.8166666666666,784.75,22.702572016460906,4.844135802469136,22.642469135802468,0.21337387671127345,0.997352595969529
Flushing,353,9654.719999999994,6531.683333333334,1931.32,18.5033522190746,5.471161473087818,27.35048158640225,0.29568487959969475,1.4781365702052291
Flushing Meadows-Corona Park,969,60080.7000000001,34068.38333333333,9535.869999999999,35.15829033367733,9.8409391124871,62.00278637770908,0.27990380132507997,1.7635324638729095
Fordham South,78,1108.5100000000002,853.7333333333333,191.59999999999997,10.945299145299145,2.456410256410256,14.21166666666667,0.224426050288927,1.2984265188193036
Forest Hills,1256,25072.49000000002,29385.81666666667,5112.3200000000015,23.3963508492569,4.070318471337581,19.962173566878995,0.17397236421879267,0.8532173968280622
Forest Park/Highland Park,20,422.72,286.4,80.72,14.319999999999999,4.036,21.136000000000003,0.2818435754189944,1.4759776536312852
Fort Greene,7462,113132.51999999932,115703.9,22219.420000000002,15.50574912891986,2.977676226212812,15.161152506030463,0.19203691491816613,0.9777762028764746
Fresh Meadows,51,1164.23,3042.0333333333338,286.66999999999996,59.647712418300664,5.620980392156862,22.828039215686275,0.09423631123919306,0.3827144125091769
Garment District,186274,2539215.379999465,2798160.6000000015,412972.7700000003,15.021745385829485,2.21701778025919,13.631614610731852,0.14758722926768394,0.9074587713083601
Glen Oaks,41,1449.8,806.1666666666667,248.43,19.66260162601626,6.059268292682927,35.360975609756096,0.30816208393632416,1.798387430225346
Glendale,80,1714.8100000000004,1231.0333333333333,357.0899999999999,15.387916666666666,4.463624999999999,21.435125000000006,0.2900733800871896,1.3929842138041215
Governor's Island/Ellis Island/Liberty Island,7,67.54,59.71666666666667,9.089999999999998,8.530952380952382,1.2985714285714283,9.64857142857143,0.15221881105219087,1.1310075355847056
Gowanus,1323,21131.53,17172.8,3963.55,12.980196523053666,2.995880574452003,15.972433862433862,0.23080394577471353,1.2305232693561912
Gramercy,205986,2668262.7499994687,2788908.166666663,418942.6700000001,13.53930930581041,2.0338405037235545,12.953612138686458,0.15021744889532362,0.9567409862722762
Gravesend,68,1484.0900000000001,1244.1999999999998,296.55,18.297058823529408,4.361029411764706,21.824852941176474,0.2383459250924289,1.192806622729465
Great Kills,7,478.09999999999997,32.28333333333333,6.800000000000001,4.6119047619047615,0.9714285714285715,68.3,0.21063500258131135,14.809499225606608
Green-Wood Cemetery,13,142.13,95.91666666666666,27.15,7.378205128205128,2.088461538461538,10.933076923076923,0.2830582102519548,1.4818071242397917
Greenpoint,3177,47751.73000000019,47293.616666666676,9236.289999999997,14.886250131150984,2.9072363865281705,15.03044696254334,0.1952967578076956,1.009686578562227
Greenwich Village North,141053,1806873.2999998324,1980012.583333332,279690.44,14.037365978272934,1.9828748059240144,12.809889190586746,0.1412569002612821,0.9125564732310836
Greenwich Village South,117442,1610488.609999905,1775812.599999999,270805.7399999995,15.120762589192955,2.3058679177806876,13.713055039933797,0.15249680061961476,0.9069023443126296
Grymes Hill/Clifton,7,460.0400000000001,97.2,9.65,13.885714285714286,1.3785714285714286,65.72000000000001,0.09927983539094651,4.732921810699589
Hamilton Heights,9520,144274.06999999823,150487.4,28456.11,15.8075,2.9890871848739495,15.1548392857141,0.18909297389681795,0.9587119586091476
Hammels/Arverne,16,478.9200000000001,200.2833333333333,62.760000000000005,12.517708333333331,3.9225000000000003,29.932500000000005,0.31335607888824174,2.3912124490305406
Heartland Village/Todt Hill,27,641.3100000000001,325.75000000000006,81.39999999999998,12.064814814814817,3.014814814814814,23.752222222222226,0.2498848810437451,1.9687183422870298
Highbridge,402,6680.909999999998,7226.183333333335,1328.3199999999997,17.975580431177452,3.3042786069651733,16.619179104477606,0.18382041234307636,0.9245420011947288
Highbridge Park,43,1361.0800000000002,756.4666666666668,294.56,17.592248062015507,6.850232558139535,31.653023255813956,0.38938926588525596,1.7992597162245525
Hillcrest/Pomonok,121,2362.100000000001,1909.45,504.59999999999997,15.780578512396694,4.170247933884297,19.521487603305793,0.26426457880541515,1.2370577915106449
Hollis,35,801.3199999999999,2057.516666666667,156.07,58.786190476190484,4.459142857142857,22.89485714285714,0.07585357753278628,0.38945978566394757
Homecrest,141,2933.88,2317.4166666666665,450.48,16.435579196217493,3.1948936170212767,20.807659574468087,0.19438886691358914,1.2660131612068037
Howard Beach,68,4374.849999999999,1986.3333333333335,1017.28,29.210784313725494,14.959999999999999,64.3360294117647,0.5121396207417351,2.202475247524752
Hudson Sq,49440,725155.950000034,751317.6333333335,123407.9199999999,15.196554072276165,2.4961148867313896,14.667393810680299,0.16425532228290998,0.9651789307576486
Hunts Point,146,2708.83,2071.25,559.3500000000001,14.186643835616438,3.831164383561645,18.5536301369863,0.2700543150271576,1.3078237779118889
Inwood,770,13763.569999999992,10432.166666666668,2730.9900000000002,13.5482683982684,3.54674025974026,17.874766233766223,0.26178550317128113,1.3193395427603718
Inwood Hill Park,51,1062.77,767.9333333333334,202.48,15.057516339869283,3.9701960784313726,20.838627450980393,0.26366872124316343,1.383935237433805
JFK Airport,203377,11529307.580003267,8610942.750000017,3220795.690000002,42.33980612360305,15.836577833284991,56.68933842078144,0.37403519957207887,1.338913509789999
Jackson Heights,4847,74041.60000000006,73617.16666666667,14884.19,15.188192008802696,3.0708046214153084,15.275758200949054,0.2021836845119911,1.005765412505689
Jamaica,750,36601.950000000026,24671.350000000002,7378.340000000001,32.895133333333334,9.837786666666668,48.802600000000034,0.29906510993520824,1.4835811579017777
Jamaica Bay,4,148.01,123.93333333333334,40.2,30.983333333333334,10.05,37.0025,0.3243679397525551,1.1942711135018826
Jamaica Estates,102,2198.9100000000003,2934.616666666667,495.69000000000005,28.77075163398693,4.859705882352942,21.557941176470592,0.16891132856647945,0.749300590082748
Kensington,343,5802.1,4738.6,1205.52,13.815160349854228,3.5146355685131194,16.915743440233236,0.254404254421137,1.2244333769467775
Kew Gardens,449,13411.069999999992,13192.333333333332,2310.6099999999997,29.381588715664435,5.146124721603563,29.86875278396435,0.17514793945978724,1.0165805897364626
Kew Gardens Hills,184,3751.3100000000004,2571.8500000000004,726.3599999999999,13.977445652173914,3.9476086956521734,20.38755434782609,0.28242704667846097,1.45860372883333
Kingsbridge Heights,116,2641.3900000000003,3173.4166666666674,491.7300000000001,27.357040229885065,4.239051724137932,22.770603448275864,0.15495286363278274,0.8323489404164806
Kips Bay,113722,1466362.059999965,1514510.4833333332,242021.5900000001,13.317656067720698,2.1281861908865487,12.89426900687611,0.15980185853010886,0.9682085902585521
LaGuardia Airport,233164,9821089.880002022,7667790.383333328,2279603.830000004,32.88582449835021,9.776825882211678,42.1209529773122,0.297296054800212,1.2808239908786623
Laurelton,29,676.7499999999999,1850.9833333333331,169.35,63.827011494252865,5.839655172413793,23.33620689655172,0.09149190970565196,0.3656164741263652
Lenox Hill East,160396,2146036.3699996793,2223446.483333327,363953.060000001,13.86223149787605,2.2690906257013954,13.379612770890043,0.16368869803170305,0.9651846293967927
Lenox Hill West,212473,2485559.5899994546,2504615.0666666646,394577.1400000005,11.787921602587927,1.8570695570731361,11.698237376040506,0.1575400328982027,0.9923918541731962
Lincoln Square East,264065,3358743.619999091,3652249.0333333327,536787.8699999999,13.830871313249892,2.0327868895915775,12.719382046083696,0.14697460800204104,0.9196370754963648
Lincoln Square West,101344,1258537.7200000458,1325517.5833333333,201579.19999999966,13.079388847226607,1.9890590464161635,12.418472923903199,0.1520758400602127,0.9494688986585523
Little Italy/NoLiTa,86345,1244357.960000025,1420140.7500000007,211750.7800000002,16.44728415079044,2.4523803347038067,14.411465168799873,0.14910548831163398,0.8762215716998646
Long Island City/Hunters Point,9383,162885.76999999792,105114.10000000003,22810.94,11.202611105190242,2.4310924011510178,17.359668549504203,0.21701122875047202,1.549609139021291
Long Island City/Queens Plaza,8818,124186.70999999871,128197.91666666663,24351.35999999999,14.538207832463895,2.76155137219324,14.083319346790509,0.18995129276021774,0.9687108279840644
Longwood,89,1532.6100000000004,1099.2833333333333,258.96999999999997,12.351498127340824,2.909775280898876,17.22033707865169,0.23558075715996785,1.3941901541913675
Lower East Side,111838,1703861.9599998633,1871963.9333333354,316836.89000000025,16.73817426396516,2.8329985335932353,15.235089683290681,0.16925373633444998,0.9102002072047727
Madison,64,994.37,896.0,183.73000000000002,14.0,2.8707812500000003,15.53703125,0.20505580357142858,1.1097879464285714
Manhattan Beach,52,1618.5300000000002,983.4166666666667,327.96999999999997,18.911858974358974,6.3071153846153845,31.125576923076927,0.33350055080077956,1.6458232353190407
Manhattan Valley,77423,986988.8600000786,994721.7166666675,168828.94000000026,12.8478839190766,2.1806044715394686,12.748005889723707,0.16972479555965606,0.9922261105422511
Manhattanville,7930,108097.55999999926,112139.13333333333,20938.00999999999,14.141126523749474,2.6403543505674643,13.63147036569978,0.18671456946043805,0.9639592958033615
Marble Hill,85,1312.3300000000002,1279.85,301.76000000000005,15.057058823529411,3.550117647058824,15.439176470588237,0.23577763019103806,1.0253779739813262
Marine Park/Floyd Bennett Field,19,1650.04,562.9499999999999,348.29999999999995,29.62894736842105,18.331578947368417,86.84421052631579,0.6187050359712231,2.931059596767031
Marine Park/Mill Basin,88,2198.82,2087.266666666667,573.4200000000001,23.718939393939397,6.516136363636364,24.98659090909091,0.27472292312114727,1.0534446964131718
Mariners Harbor,5,258.0,234.36666666666667,31.9,46.873333333333335,6.38,51.6,0.13611150618688664,1.1008391409472336
Maspeth,381,14604.299999999996,7659.4833333333345,2002.93,20.103630796150483,5.257034120734908,38.331496062992116,0.2614967502159632,1.9066951861417971
Meatpacking/West Village West,79581,1147321.6200000322,1283751.2000000002,191774.16000000032,16.131378092760837,2.4097983186941647,14.417029441701313,0.14938576883121923,0.8937258403341957
Melrose South,488,7236.859999999994,7835.000000000001,1398.87,16.055327868852462,2.8665368852459014,14.829631147540972,0.17854116145500953,0.9236579451180591
Middle Village,134,2993.620000000001,2641.85,594.6600000000001,19.715298507462688,4.437761194029851,22.340447761194035,0.22509226489013384,1.1331529042148498
Midtown Center,354922,5022166.4999994775,5490032.066666681,794953.0199999982,15.468277724871045,2.239796405970884,14.150056913912007,0.14479934003056935,0.9147790830753249
Midtown East,308292,4340427.979999253,4518070.383333318,697543.2199999997,14.655165827635223,2.262605646594786,14.078951059382835,0.15438963115164445,0.9606817981434355
Midtown North,241799,3429964.6499991524,3796585.349999997,552063.7699999998,15.701410469025914,2.2831515845805805,14.185189558265966,0.14541060429472505,0.9034340950610146
Midtown South,204031,2876465.789999394,3109908.016666668,467331.6699999993,15.242330903963946,2.2904934544260396,14.098180129487158,0.15027186254238648,0.9249359706408657
Midwood,183,3284.309999999999,2842.55,554.15,15.533060109289618,3.028142076502732,17.947049180327863,0.1949481979208809,1.1554097553253238
Morningside Heights,42468,597770.6000000258,604717.5500000002,104396.77000000006,14.239369643025341,2.4582455024959984,14.075788829236739,0.17263724196527788,0.9885120747694948
Morrisania/Melrose,188,2519.230000000001,2475.8166666666666,485.43,13.169237588652482,2.582074468085106,13.40015957446809,0.19606863728466703,1.017534954796061
Mott Haven/Port Morris,1668,25754.41000000004,22637.583333333332,4535.840000000001,13.571692645883292,2.7193285371702642,15.440293764988034,0.20036767764521396,1.1376837191838076
Mount Hope,146,2419.84,3243.2833333333333,431.42,22.214269406392695,2.954931506849315,16.574246575342467,0.13301952239757037,0.7461081106080772
Murray Hill,277904,3803422.359999002,3981815.766666676,595039.1899999992,14.32802610493795,2.1411681371984543,13.686101531460512,0.1494391566232931,0.9551979757172407
Murray Hill-Queens,82,1668.0100000000002,2297.0499999999997,346.69,28.012804878048776,4.227926829268292,20.34158536585366,0.15092836464160556,0.7261531094229557
NV,155087,2532394.5499996007,2184499.0333333323,391350.4000000001,14.085636019352572,2.5234249163372824,16.328864121426044,0.17914880896185958,1.1592564296700163
Newark Airport,571,50361.87000000003,3490.3,1267.7199999999998,6.1126094570928196,2.220175131348511,88.19942206654997,0.3632123313182247,14.42909492020744
North Corona,319,5012.66,5146.316666666665,1004.95,16.132654127481707,3.150313479623825,15.713667711598745,0.19527558545108323,0.9740286742297892
Norwood,120,2128.1200000000003,1860.35,459.51,15.502916666666666,3.82925,17.734333333333336,0.24700190824307255,1.143935280995512
Oakland Gardens,38,803.8700000000001,474.6833333333334,146.35,12.491666666666669,3.8513157894736842,21.15447368421053,0.30831080369369046,1.6934868859941716
Oakwood,2,159.16000000000003,13.183333333333334,3.9,6.591666666666667,1.95,79.58000000000001,0.29582806573957016,12.07281921618205
Ocean Hill,200,3991.82,3796.8666666666663,825.58,18.984333333333332,4.1279,19.9591,0.21743718504731974,1.0513458465752463
Ocean Parkway South,138,2111.91,1059.1333333333332,260.07,7.67487922705314,1.8845652173913043,15.303695652173912,0.24554982060804434,1.993998237552716
Old Astoria,5320,73284.17000000022,73320.50000000001,14612.880000000001,13.782048872180454,2.746781954887218,13.77521992481207,0.19930142320360605,0.9995045041973282
Ozone Park,64,2096.94,1366.3666666666666,403.47999999999996,21.349479166666665,6.304374999999999,32.7646875,0.29529408894635406,1.5346832231465446
Park Slope,8827,138488.62999999872,140219.96666666662,26471.27,15.88534798534798,2.9988977002379067,15.689206978588278,0.1887838845585235,0.9876527094690897
Parkchester,150,2518.3900000000003,3668.2,548.23,24.454666666666665,3.654866666666667,16.78926666666667,0.14945477345837196,0.686546535085328
Pelham Bay,17,373.09000000000003,275.30000000000007,70.0,16.194117647058828,4.117647058823529,21.946470588235297,0.2542680711950599,1.3552124954594984
Pelham Bay Park,2,44.599999999999994,25.35,14.79,12.675,7.395,22.299999999999997,0.5834319526627219,1.7593688362919129
Pelham Parkway,74,1170.73,1022.85,262.72999999999996,13.822297297297297,3.550405405405405,15.820675675675677,0.2568607322676834,1.144576428606345
Penn Station/Madison Sq West,292504,4097652.3399988245,4736921.36666668,636322.4399999984,16.19438150133564,2.175431583841583,14.008876254679677,0.1343324895527602,0.865045463670489
Port Richmond,2,60.17,2.5333333333333337,19.4,1.2666666666666668,9.7,30.085,7.6578947368421035,23.751315789473683
Prospect Heights,2122,33388.09000000008,33544.450000000004,6310.679999999998,15.807940622054668,2.9739302544769073,15.734255419415682,0.18812888570240374,0.99533872220293
Prospect Park,262,4500.57,6718.766666666666,917.8,25.6441475826972,3.5030534351145035,17.177748091603053,0.13660245183887915,0.669850617424825
Prospect-Lefferts Gardens,927,13872.789999999985,12445.866666666667,2745.42,13.425961884214312,2.961618122977346,14.9652535059331,0.22058889698320192,1.114650379242371
Queens Village,92,2084.36,1552.3833333333334,480.07,16.87373188405797,5.218152173913043,22.65608695652174,0.3092470717069452,1.342683830239524
Queensboro Hill,77,1355.44,960.5666666666666,358.77,12.474891774891773,4.659350649350649,17.603116883116883,0.37349828226394144,1.4110837352951384
Queensbridge/Ravenswood,4645,52413.86000000032,66745.31666666668,198749.73999999987,14.369282382490136,42.78788805166843,11.283931108719122,2.9777331193524414,0.7852814641926235
Randalls Island,258,15579.249999999996,5242.266666666667,1748.84,20.31886304909561,6.778449612403101,60.384689922480604,0.3336037846224279,2.971853778263854
Red Hook,331,7659.050000000001,5937.749999999998,1600.5400000000002,17.938821752265856,4.83546827794562,23.13912386706949,0.2695532819670752,1.289890951959918
Rego Park,649,16306.28999999999,13384.033333333333,3029.5299999999997,20.622547508988188,4.667996918335901,25.12525423728812,0.22635403876758625,1.2183390158920697
Richmond Hill,310,9436.239999999998,4344.15,1416.16,14.013387096774192,4.5682580645161295,30.439483870967734,0.32599242659668753,2.172171771232577
Ridgewood,240,4667.919999999998,6453.583333333332,923.48,26.88993055555555,3.8478333333333334,19.44966666666666,0.1430956961894555,0.7233066900817374
Rikers Island,2,83.22999999999999,45.63333333333334,18.009999999999998,22.81666666666667,9.004999999999999,41.614999999999995,0.39466764061358645,1.823886048210372
Riverdale/North Riverdale/Fieldston,88,2216.48,1288.5833333333333,434.58000000000004,14.642992424242424,4.938409090909091,25.187272727272727,0.3372540904093643,1.7200905387052967
Rockaway Park,12,248.05000000000004,97.83333333333333,80.16,8.152777777777777,6.68,20.670833333333338,0.8193526405451448,2.535434412265759
Roosevelt Island,322,6628.139999999997,5000.216666666667,1300.4900000000002,15.528623188405799,4.038788819875777,20.584285714285706,0.26008672957505174,1.3255705586091262
Rosedale,61,3782.7499999999995,1919.1999999999998,800.4399999999999,31.46229508196721,13.121967213114754,62.0122950819672,0.4170696123384744,1.9710035431429762
Rossville/Woodrow,1,0.3,24.383333333333333,18.5,24.383333333333333,18.5,0.3,0.758714969241285,0.012303485987696514
Saint Albans,90,1951.1900000000003,2926.0833333333335,448.31,32.51203703703704,4.981222222222223,21.679888888888893,0.1532116310198502,0.6668265314840658
Saint George/New Brighton,8,260.59999999999997,67.33333333333333,9.04,8.416666666666666,1.13,32.574999999999996,0.13425742574257427,3.87029702970297
Saint Michaels Cemetery/Woodside,410,6255.3899999999985,3244.216666666667,841.28,7.912723577235774,2.0519024390243903,15.257048780487802,0.25931683559975954,1.9281665322394201
Schuylerville/Edgewater Park,64,2076.53,942.6833333333334,443.5,14.729427083333334,6.9296875,32.44578125,0.47046551510758294,2.202786372235286
Seaport,14480,261616.7799999963,256374.84999999998,54044.600000000006,17.70544544198895,3.7323618784530392,18.067457182320187,0.21080304873898517,1.0204463503342716
Sheepshead Bay,83,1702.16,1416.3,371.19,17.063855421686746,4.472168674698795,20.507951807228917,0.26208430417284473,1.2018357692579256
SoHo,66920,953763.1000000638,1092865.333333333,159471.45999999996,16.330922494520816,2.3830164375373575,14.252287806336877,0.14592050377661658,0.8727178645981976
Soundview/Bruckner,143,2443.7900000000004,2021.7999999999997,437.17999999999995,14.138461538461536,3.057202797202797,17.08944055944056,0.216233059649817,1.208719952517559
Soundview/Castle Hill,147,3217.4400000000005,4868.416666666667,656.95,33.118480725623584,4.469047619047619,21.887346938775515,0.1349412026497321,0.6608801629551019
South Beach/Dongan Hills,3,110.89999999999999,74.38333333333334,32.410000000000004,24.794444444444448,10.803333333333335,36.96666666666666,0.43571588617521845,1.490925386511315
South Jamaica,676,42138.270000000026,30864.13333333334,9135.759999999998,45.657001972386595,13.514437869822483,62.33471893491128,0.2959992396784184,1.3652827877881992
South Ozone Park,693,36990.770000000026,18309.083333333332,5927.920000000001,26.420033670033668,8.553997113997115,53.37773448773453,0.3237693494576918,2.020350736656215
South Williamsburg,690,8643.629999999992,13142.466666666664,1573.48,19.047053140096615,2.2804057971014493,12.526999999999989,0.11972486139080947,0.6576870399772742
Springfield Gardens North,94,2317.7900000000004,1779.2333333333338,560.08,18.928014184397167,5.958297872340426,24.65734042553192,0.3147872679243868,1.30269029731907
Springfield Gardens South,506,33133.53000000001,21564.766666666663,7447.490000000001,42.61811594202898,14.718359683794468,65.48128458498026,0.34535453664387755,1.5364659637711522
Spuyten Duyvil/Kingsbridge,178,3096.220000000001,2970.9666666666667,658.94,16.690823970037453,3.701910112359551,17.39449438202248,0.22179313130406492,1.0421591176833582
Stapleton,1,37.8,30.15,11.77,30.15,11.77,37.8,0.39038142620232175,1.2537313432835822
Starrett City,51,1377.24,1190.15,325.43999999999994,23.336274509803925,6.381176470588234,27.00470588235294,0.273444523799521,1.1571986724362475
Steinway,4484,95497.06999999986,67049.79999999999,17060.93,14.953122212310435,3.8048461195361285,21.29729482604814,0.25445161655963183,1.4242707659083231
Stuy Town/Peter Cooper Village,21081,279239.7199999959,296933.31666666653,47413.08000000006,14.085352529133653,2.249090650348658,13.246037664247233,0.1596758509023269,0.9404122216216874
Stuyvesant Heights,771,11698.699999999988,11682.733333333334,2158.8900000000003,15.152702118460873,2.80011673151751,15.173411154344992,0.18479322761225972,1.00136668930216
Sunnyside,15412,261946.9799999956,255384.88333333316,48947.98999999994,16.570521887706537,3.1759661302880833,16.99630028549154,0.1916636151722109,1.0256949298682547
Sunset Park East,111,1908.73,1686.5833333333333,351.07000000000005,15.194444444444445,3.1627927927927932,17.195765765765767,0.20815455309056777,1.1317140174909828
Sunset Park West,862,17176.479999999996,18713.333333333336,3478.31,21.709203402938904,4.0351624129930395,19.926310904872384,0.18587335233345206,0.9178738867117916
Sutton Place/Turtle Bay North,168079,2112460.0799996755,2144818.9000000013,344077.49999999965,12.760778562461708,2.0471177244034036,12.568257069590345,0.16042263521642758,0.9849130292537399
Times Sq/Theatre District,309169,4748256.709998995,5200581.083333326,808610.3499999987,16.82115957076332,2.6154315277404874,15.358126817368479,0.15548461547718392,0.9130242628494099
TriBeCa/Civic Center,146239,2259184.179999722,2326466.0666666664,414534.85999999946,15.90865683344844,2.8346395968243727,15.448575140692443,0.1781822077439282,0.9710797902316517
Two Bridges/Seward Park,14318,234728.82999999696,242531.40000000002,44470.41000000001,16.938916049727617,3.105909344880571,16.39396773292338,0.18335939181483307,0.9678286193045392
UN/Turtle Bay South,110072,1585671.6999999355,1646298.9500000016,262404.7699999997,14.956564339704935,2.3839375136274414,14.405768042735078,0.15939071697761786,0.96317360829267
Union Sq,283960,3745361.389999044,4145736.2833333323,571640.0499999999,14.599719267972011,2.0131006127623605,13.18974992956418,0.13788625492125592,0.9034249006759371
University Heights/Morris Heights,273,4599.049999999997,5587.283333333334,902.46,20.466239316239317,3.305714285714286,16.846336996336987,0.16152035723980349,0.8231281153333309
Upper East Side North,345684,4130205.3499987666,4410053.099999993,624045.7300000006,12.75746953865378,1.805249100334411,11.94792165676967,0.14150526441507055,0.9365432243885619
Upper East Side South,360976,4134051.039998701,4396394.99999998,608925.4999999984,12.179189198173786,1.6868863857984973,11.452426310886876,0.13850563927945533,0.9403274819479868
Upper West Side North,176926,2202864.7899996373,2232200.7666666703,362129.27000000025,12.616578494210406,2.0467837966155358,12.450769191637393,0.16222970415907764,0.9868578234067896
Upper West Side South,228251,2803691.3999993484,2970421.6999999955,451230.5400000006,13.01383871264527,1.9769049861775003,12.283369623788499,0.15190790587073927,0.9438698215810074
Van Cortlandt Park,18,296.79999999999995,211.48333333333332,74.34,11.749074074074073,4.13,16.488888888888887,0.351517062022224,1.4034202852864686
Van Cortlandt Village,85,1534.2700000000002,1043.2500000000002,291.36,12.27352941176471,3.4277647058823533,18.05023529411765,0.2792810927390366,1.4706637910376228
Van Nest/Morris Park,119,2065.09,1768.9666666666667,463.45,14.865266106442578,3.8945378151260504,17.3536974789916,0.2619891085190978,1.1673990465243362
Washington Heights North,1560,29398.920000000042,23582.800000000003,5750.900000000001,15.11717948717949,3.686474358974359,18.845461538461564,0.2438599318147124,1.246625506725242
Washington Heights South,8560,147236.7999999984,142261.30000000008,30933.940000000006,16.61931074766356,3.6137780373831783,17.200560747663364,0.21744451934573908,1.034974374619087
West Brighton,5,394.28,104.23333333333332,34.76,20.846666666666664,6.952,78.856,0.33348257115446117,3.7826670930604416
West Chelsea/Hudson Yards,118513,1680254.3799998944,1777433.233333334,271863.44999999995,14.997791240904661,2.2939546716393977,14.177806485363584,0.15295283384015335,0.9453262988949555
West Concourse,1171,18306.609999999997,20799.233333333337,3611.43,17.76194136066041,3.084056362083689,15.633313407344147,0.17363284223617212,0.8801579224875272
West Farms/Bronx River,104,1888.0600000000002,1642.9333333333334,360.78000000000003,15.797435897435898,3.469038461538462,18.154423076923077,0.21959503327381918,1.1492006167829898
West Village,175800,2340401.5299996254,2560393.9333333317,383178.7900000005,14.564243079256721,2.179629067121732,13.312864220703217,0.14965618571871353,0.9140786890370022
Westchester Village/Unionport,95,1825.7300000000005,1171.3,345.92999999999995,12.329473684210527,3.641368421052631,19.218210526315794,0.29533851276359596,1.5587210791428332
Westerleigh,7,148.85999999999999,34.666666666666664,14.41,4.952380952380952,2.0585714285714287,21.265714285714285,0.415673076923077,4.294038461538461
Whitestone,67,2058.3,2325.216666666667,394.62000000000006,34.704726368159214,5.889850746268658,30.720895522388062,0.16971321668948414,0.8852078300946864
Willets Point,23,2105.16,591.5999999999999,347.08,25.721739130434777,15.090434782608694,91.52869565217391,0.5866801893171062,3.5584178498985803
Williamsbridge/Olinville,105,2321.8,1705.0333333333338,539.8199999999999,16.238412698412702,5.141142857142857,22.112380952380953,0.3166037809622489,1.3617329084475374
Williamsburg (North Side),7795,119985.59999999916,127141.16666666667,23064.369999999995,16.310605088732093,2.9588672225785753,15.392636305323817,0.18140756927667012,0.9437195138736797
Williamsburg (South Side),6545,104141.6799999995,109427.14999999998,20058.059999999994,16.719197860962563,3.064638655462184,15.911639419404048,0.18330057942658654,0.9516987329012911
Windsor Terrace,256,5502.919999999998,3807.3666666666672,1103.0600000000002,14.872526041666669,4.308828125000001,21.495781249999993,0.2897173024224967,1.4453349208989583
Woodhaven,98,2122.84,1593.5166666666664,465.51,16.26037414965986,4.750102040816326,21.661632653061226,0.2921274748721382,1.3321730763196706
Woodlawn/Wakefield,63,1395.8100000000002,640.7333333333332,177.26,10.17037037037037,2.8136507936507935,22.15571428571429,0.276651753199459,2.1784569763812303
Woodside,5308,87648.95999999988,83466.20000000004,16389.639999999992,15.724604370761122,3.0877241899020333,16.512614920874128,0.1963625994714026,1.0501132194828546
World Trade Center,47418,911029.8100000469,984701.8166666677,188480.36000000002,20.766413949695636,3.9748694588552875,19.212742207601476,0.19140856329282335,0.9251834358181553
Yorkville East,109302,1398951.2299999942,1371767.2500000023,237985.19000000012,12.55024839435694,2.1773177983934433,12.798953633053321,0.1734880242985825,1.0198167582729445
Yorkville West,170002,2074283.6499996807,2066557.450000002,345998.12,12.15607728144376,2.035259114598652,12.201524982057157,0.1674272931536453,1.0037386814480664
